response_key,response_time,location,cue_location,t87,t88,t89,t90,t91,t92,t93,t94,t95,t96,t97,t98,t99,t100,t101,t102,t103,t104,t105,t106,t107,t108,t109,t110,t111,t112,t113,t114,t115,t116,t117,t118,t119,t120,t121,t122,t123,t124,t125,t126,t127,t128,t129,t130,t131,t132,t133,t134,t135,t136,t137,t138,t139,t140,t141,t142,t143,t144,t145,t146,t147,t148,t149,t150,t151,t152,t153,t154,t155,t156,t157,t158,t159,t160,t161,t162,t163,t164,t165,t166,t167,t168,t169,t170,t171,t172,t173,t174,t175,t176,t177,t178,t179,t180,t181,t182,t183,t184,t185,t186,t187,t188,t189,t190,t191,t192,t193,t194,t195,t196,t197,t198,t199,t200,t201,t202,t203,t204,t205,t206,t207,t208,t209,t210,t211,t212,t213,t214,t215,t216,t217,t218,t219,t220,t221,t222,t223,t224,t225,t226,t227,t228,t229,t230,t231,t232,t233,t234,t235,t236,t237,t238,t239,t240,t241,t242,t243,t244,t245,t246,t247,t248,t249,t250,t251,t252,t253,t254,t255,t256,t257,t258,t259,t260,t261,t262,t263,t264,t265,t266,t267,t268,t269,t270,t271,t272,t273,t274,t275,t276,t277,t278,t279,t280,t281,t282,t283,t284,t285,t286,t287,t288,t289,t290,t291,t292,t293,t294,t295,t296,t297,t298,t299,t300,t301,t302,t303,t304,t305,t306,t307,t308,t309,t310,t311,t312,t313,t314,t315,t316,t317,t318,t319,t320,t321,t322,t323,t324,t325,t326,t327,t328,t329,t330,t331,t332,t333,t334,t335,t336,t337,t338,t339,t340,t341,t342,t343,t344,t345,t346,t347,t348,t349,t350,t351,t352,t353,t354,t355,t356,t357,t358,t359,t360,t361,t362,t363,t364,t365,t366,t367,t368,t369,t370,t371,t372,t373,t374,t375,t376,t377,t378,t379,t380,t381,t382,t383,t384,t385,t386,t387,t388,t389,t390,t391,t392,t393,t394,t395,t396,t397,t398,t399,t400,t401,t402,t403,t404,t405,t406,t407,t408,t409,t410,t411,t412,t413,t414,t415,t416,t417,t418,t419,t420
e,0.6470633999999791,16.0,-16.0,5.281296,5.255177,5.2439137,5.270749,5.2786055,5.2688537,5.2347593,5.2766995,5.302211,5.3048716,5.306319,5.2848854,5.3182707,5.3045945,5.2880793,5.3164816,5.309707,5.3016324,5.341449,5.3204136,5.359997,5.327716,5.3622346,5.381574,5.3904037,5.4266996,5.408788,5.3865137,5.401056,5.4128194,5.4217987,5.444757,5.4550257,5.4553113,5.4424753,5.42447,5.449124,5.4490743,5.443419,5.4572477,5.4714537,5.460767,5.458512,5.4604836,5.4676733,5.4600277,5.4511065,5.4524717,5.474158,5.470205,5.4603076,5.48282,5.475834,5.474426,5.4719644,5.4680476,5.488478,5.4717264,5.469,5.4711037,5.4743075,5.465742,5.506616,5.486233,5.4589176,5.446148,5.458895,5.45702,5.438937,5.453382,5.448609,5.444164,5.4455914,5.418683,5.4291434,5.4133306,5.437835,5.443809,5.4189568,5.425031,5.4311943,5.4142795,5.4388795,5.422488,5.413184,5.420585,5.4293485,5.4475055,5.4281483,5.4123635,5.4335747,5.465677,5.4394593,5.42045,5.426123,5.4346156,5.4386516,5.4227233,5.447606,5.461809,5.452635,5.47413,5.4803967,5.4782553,5.4852743,5.4768243,5.5011272,5.490708,5.4798746,5.469871,5.4973397,5.467147,5.5085316,5.489362,5.532792,5.5246677,5.4803863,5.509715,5.501073,5.507,5.515345,5.5030317,5.519479,5.554763,5.5360374,5.5372076,5.5348763,5.53889,5.5312624,5.5299516,5.5405235,5.538597,5.5520725,5.539352,5.5555825,5.568358,5.5160804,5.5276814,5.58017,5.5314126,5.5115566,5.500808,5.499384,5.4685116,5.463214,5.4160347,5.407797,5.3929677,5.3565564,5.363524,5.348028,5.2511563,5.246594,5.2306547,5.2047844,5.206145,5.226503,5.165692,5.188395,5.1547427,5.132989,5.1040463,5.1243505,5.1338525,5.130052,5.093623,5.0879965,5.067764,5.069086,5.064908,5.064423,5.053601,5.062383,5.0599084,5.0507965,5.061729,5.048708,5.055933,5.0783353,5.0846114,5.088216,5.1018825,5.0869117,5.1024194,5.103898,5.1219015,5.1233144,5.1342764,5.148438,5.1523643,5.1507564,5.1681004,5.1789823,5.196274,5.1777344,5.203436,5.2214017,5.225288,5.222492,5.2342463,5.237705,5.2442017,5.2828045,5.2968125,5.30599,5.303154,5.309041,5.33173,5.355852,5.374542,5.3869243,5.3690705,5.3997936,5.3411627,5.3818536,5.3865423,5.418726,5.3999267,5.4081874,5.4057217,5.4111967,5.443304,5.4057865,5.4184384,5.420797,5.4502344,5.4533544,5.4758196,5.45537,5.4464273,5.4566517,5.4776793,5.5077133,5.446573,5.5014,5.516432,5.498362,5.5053587,5.484164,5.5252824,5.5194106,5.5165553,5.5146265,5.5420723,5.56347,5.53347,5.571,5.5109143,5.5465803,5.551469,5.5686965,5.5934715,5.6019354,5.5705233,5.565867,5.581766,5.5776315,5.537985,5.563484,5.623591,5.5979505,5.616731,5.6047263,5.600993,5.646007,5.611805,5.615435,5.614706,5.623814,5.600575,5.649099,5.6074233,5.6152735,5.632587,5.598995,5.617199,5.63848,5.638198,5.6173196,5.61067,5.66546,5.671274,5.6216946,5.641423,5.6239624,5.659204,5.654481,5.6260724,5.6623225,5.6356387,5.664613,5.6359963,5.6288695,5.641108,5.6355495,5.6311655,5.6644225,5.667031,5.67144,5.6373777,5.650377,5.6550517,5.654097,5.6759605,5.617602,5.6725483,5.642289,5.6785383,5.6991825,5.673435,5.675031,5.6740746,5.6724877,5.6753597,5.676574,5.651311,5.651664,5.6299067,5.6702833,5.67921,5.6591167,5.6416664,5.672084,5.6859183,5.6823025,5.702191,5.6835675,5.6962504,5.662747,5.697185,,,,
e,0.5046217999999953,8.0,0.0,4.6023207,4.587955,4.617014,4.590089,4.5970187,4.6153216,4.5763297,4.5442777,4.5776887,4.5813284,4.5301347,4.527958,4.54376,4.541594,4.5292916,4.565111,4.508818,4.5463037,4.5487204,4.5140023,4.52381,4.4898515,4.5066624,4.4746075,4.5184827,4.494587,4.46817,4.421102,4.4657197,4.4084578,4.4211864,4.459272,4.383868,4.4376407,4.405058,4.397229,4.416579,4.4052234,4.3900046,4.390815,4.367703,4.413542,4.404319,4.371887,4.3691444,4.3892274,4.3570914,4.370469,4.377434,4.3780975,4.3806977,4.384544,4.394102,4.3617606,4.3876815,4.379892,4.3772135,4.3548903,4.3920445,4.365999,4.3739123,4.3487086,4.380916,4.3614464,4.354688,4.3412232,4.341564,4.318297,4.3267913,4.339793,4.299916,4.2919087,4.3032246,4.278792,4.247948,4.2871747,4.261529,4.23105,4.2270145,4.2657127,4.2481174,4.2408905,4.2409554,4.2154326,4.24679,4.2612896,4.2448745,4.2402253,4.264982,4.267665,4.255814,4.263318,4.2879987,4.33117,4.2826095,4.3019834,4.3346415,4.317985,4.3086176,4.305859,4.308144,4.3148274,4.3439403,4.326665,4.33737,4.337637,4.3211746,4.3372235,4.3699174,4.345788,4.358399,4.3481603,4.366224,4.374591,4.3601522,4.366962,4.3606896,4.3369884,4.356366,4.3779564,4.365458,4.3534827,4.3614206,4.373797,4.375914,4.363123,4.3800197,4.3613462,4.3729076,4.387318,4.426833,4.3797617,4.38935,4.404292,4.3859935,4.3880124,4.398151,4.428092,4.3782363,4.385037,4.399114,4.388316,4.3621554,4.3447924,4.346195,4.3238072,4.353134,4.297114,4.272635,4.290246,4.24952,4.2748137,4.2403145,4.2367363,4.2306833,4.223428,4.19358,4.2228465,4.2024837,4.1726274,4.16259,4.1449046,4.180072,4.1685576,4.139455,4.174841,4.175264,4.187462,4.188044,4.177967,4.1607466,4.17074,4.1899295,4.1759887,4.2052145,4.2003903,4.1704636,4.218447,4.2045975,4.219677,4.2417927,4.255696,4.2669024,4.2825255,4.277637,4.295235,4.31479,4.314759,4.3324676,4.378242,4.367153,4.4120083,4.4113126,4.387508,4.4739766,4.451009,4.47746,4.4756165,4.4803033,4.4957175,4.507113,4.5027127,4.5185304,4.5437856,4.5026126,4.545067,4.5478325,4.5819154,4.593272,4.61917,4.651945,4.6509857,4.6708846,4.660347,4.670894,4.677795,4.676934,4.6929317,4.717811,4.6967645,4.732165,4.756931,4.7392745,4.7515135,4.754313,4.7706156,4.780198,4.788366,4.7741494,4.769012,4.7993007,4.7897606,4.7909245,4.8310924,4.865576,4.847565,4.809238,4.849616,4.8456182,4.8759027,4.866296,4.8813977,4.8902426,4.872516,4.885818,4.8783526,4.893467,4.8945465,4.9065986,4.9102764,4.921784,4.9159145,4.919845,4.909622,4.906336,4.914916,4.930447,4.932963,4.950225,4.9877157,4.9809604,4.9603753,4.963335,4.983579,4.9684534,4.961163,4.9832697,4.972319,4.948982,4.9994173,4.9707413,4.9556327,4.993347,4.981653,5.0060263,4.981538,4.9880986,4.9701114,5.001604,4.993919,4.9779987,4.980085,4.9908276,4.973676,4.981653,4.9735785,4.9812727,4.977465,4.9871244,4.9730277,4.985027,4.9849124,4.9729233,4.968322,4.962619,4.993462,4.976971,4.992642,4.98957,4.9664145,5.0038257,4.979668,4.9721985,4.974254,4.9585395,4.9978223,4.9828997,4.9670954,4.9807715,4.9603252,4.967622,4.959755,4.9761095,,,,,,,,,,,,,,,,,,,,,
e,0.2869887000000517,-4.0,0.0,5.833953,5.869121,5.8374357,5.823631,5.843493,5.8495383,5.823847,5.860004,5.85892,5.831482,5.8337502,5.8596754,5.8390155,5.8739033,5.851463,5.848266,5.8458085,5.878723,5.855128,5.855094,5.8766117,5.8767867,5.862953,5.8944774,5.9018173,5.848361,5.8860226,5.87306,5.882465,5.9030595,5.929861,5.922637,5.916305,5.924656,5.925501,5.9128504,5.9220915,5.948912,5.935068,5.9330964,5.930147,5.950295,5.962249,5.9441643,5.9396877,5.945737,5.9575267,5.9555,5.9487214,5.9693327,5.9675364,5.9488482,5.95997,5.9732113,5.950832,5.931959,5.9518127,5.9516554,5.9875283,5.942366,5.9356084,5.9191923,5.9241786,5.8965063,5.9077473,5.8772955,5.847512,5.79945,5.795697,5.7898455,5.7884994,5.759929,5.7397537,5.721968,5.7120166,5.703541,5.679828,5.650138,5.6368237,5.605675,5.648749,5.6157837,5.581428,5.573615,5.5894012,5.570475,5.5731535,5.5580654,5.547714,5.5276237,5.5413814,5.5341606,5.5619516,5.5514426,5.544813,5.528154,5.5425334,5.5427322,5.532173,5.523792,5.563952,5.527425,5.5639744,5.5705905,5.547538,5.570427,5.574436,5.5448575,5.5678406,5.574255,5.595161,5.5761156,5.5990267,5.6007133,5.5936003,5.6201363,5.610746,5.6585245,5.6355376,5.627693,5.651097,5.6555395,5.6772447,5.6792345,5.68123,5.7027316,5.6993613,5.700458,5.7240624,5.734652,5.733668,5.715264,5.7353153,5.7361903,5.7616487,5.760035,5.7658653,5.794227,5.7609596,5.7896743,5.775578,5.7997503,5.7291403,5.757101,5.742911,5.701457,5.667856,5.636847,5.641841,5.5841155,5.5828953,5.5522194,5.5345535,5.489746,5.491369,5.4295807,5.4255724,5.392438,5.36943,5.361654,5.348356,5.335834,5.300087,5.256653,5.249326,5.2399817,5.230417,5.206493,5.208745,5.1962895,5.2075853,5.154677,5.184271,5.1704617,5.1527367,5.1462126,5.1829915,5.140848,5.139308,5.125084,5.106416,5.1301975,5.1366186,5.157219,5.153765,5.1568556,5.164893,5.182676,5.157346,5.172946,5.194756,5.1899467,5.1667857,5.197474,5.246649,5.293374,5.226018,5.286478,5.3188396,5.314769,5.317987,5.2985573,5.337991,5.342831,5.367168,5.3690577,5.3771405,5.4100237,5.405002,5.41245,5.4534154,5.446344,5.451627,5.4610796,5.502096,5.5389776,5.5263267,5.5472813,5.545569,5.5574665,5.580489,5.6075287,5.6007113,5.626301,5.617893,5.637565,5.664695,5.647397,5.6436915,5.680847,5.67104,5.6476197,5.698609,5.7049284,5.6702194,5.7196035,5.738606,5.7155447,5.744624,5.765785,5.769563,5.741635,5.7625985,5.7938375,5.7656116,5.7792645,5.783972,5.7760816,5.8182135,5.8204803,5.809797,5.807077,5.8342376,5.816557,5.8190846,5.8606734,5.857442,5.8779426,5.86953,5.8775816,5.8624344,5.8738685,5.867175,5.8963385,5.9209166,5.9206424,5.9548745,5.9165654,5.9206114,5.9218755,5.9271092,5.9234276,5.9097843,5.93801,5.9151826,5.948548,5.9461594,5.9608135,5.9342303,5.9611964,5.9536076,5.9500146,5.957061,5.958944,5.976892,5.9332952,5.936509,,,,,,,,,,,,,,,,,,,,,,,,,,,,,,,,,,,,,,,,,,,,,,,
e,0.5270558999999366,0.0,-16.0,5.1628456,5.149331,5.1671443,5.153583,5.131145,5.1583815,5.181132,5.1858897,5.153494,5.169802,5.1960683,5.1755486,5.209261,5.230946,5.2174635,5.2469187,5.234465,5.2278657,5.240224,5.217488,5.227009,5.26159,5.282349,5.2839575,5.2414145,5.276106,5.268309,5.303757,5.2956142,5.3162966,5.343404,5.30468,5.3370175,5.336565,5.3111515,5.343639,5.3648915,5.3509493,5.3371263,5.3415,5.378117,5.362276,5.363148,5.3743377,5.375273,5.3697085,5.3989496,5.402262,5.3342204,5.3908668,5.3879113,5.3732843,5.409187,5.381527,5.408423,5.3789616,5.3776617,5.3607793,5.375837,5.3862176,5.3724284,5.3811164,5.353809,5.363126,5.302833,5.355829,5.3648834,5.3740377,5.349642,5.33104,5.329382,5.3360434,5.317262,5.3002844,5.3316703,5.2776995,5.326463,5.321607,5.309798,5.3464136,5.3555217,5.2943377,5.3125114,5.307611,5.2980065,5.326012,5.338844,5.336827,5.358642,5.351044,5.332129,5.336384,5.366696,5.365973,5.3777766,5.3677473,5.368967,5.324532,5.3761578,5.376225,5.3739843,5.3703403,5.3837366,5.3990965,5.399636,5.441616,5.4091673,5.4176116,5.439922,5.4380236,5.448751,5.433839,5.4236135,5.435001,5.4507127,5.477447,5.4569416,5.477329,5.497763,5.49242,5.4919906,5.483257,5.5259957,5.503761,5.5239854,5.5072255,5.493685,5.4668155,5.5235915,5.5356293,5.5456986,5.5156775,5.5076656,5.5254893,5.5129247,5.5013757,5.469757,5.427214,5.4143853,5.383878,5.337891,5.361609,5.3279967,5.237063,5.236663,5.173008,5.130372,5.122787,5.1133513,5.044592,5.0097995,4.996519,4.980269,4.93461,4.938505,4.859546,4.897186,4.8597274,4.843559,4.809476,4.7926474,4.7756658,4.740874,4.749594,4.731059,4.735299,4.745152,4.753422,4.705286,4.716122,4.6961117,4.7035832,4.6764603,4.665449,4.6935596,4.699365,4.6893525,4.681618,4.7065053,4.7006083,4.718968,4.7377024,4.6991863,4.7239866,4.696283,4.741979,4.7533,4.746753,4.76482,4.75859,4.795901,4.802716,4.8063874,4.7848125,4.823002,4.8585362,4.847135,4.8668904,4.859626,4.8787074,4.873007,4.910715,4.8889236,4.9026504,4.930154,4.9743214,4.9446807,4.98028,4.9889717,5.0133686,5.0149937,5.0249753,5.0495973,5.0491815,5.0865836,5.094251,5.09592,5.0885434,5.097849,5.1384254,5.1333237,5.118996,5.1306243,5.120325,5.1805205,5.185804,5.1493287,5.183536,5.1918583,5.2156677,5.237043,5.2504473,5.265269,5.251099,5.254053,5.2652483,5.280006,5.279691,5.2774696,5.2871056,5.2816467,5.295214,5.2970934,5.3015227,5.3100114,5.3464227,5.330733,5.311073,5.381347,5.3089123,5.3464055,5.376211,5.3841925,5.417025,5.403704,5.3868785,5.4265366,5.4365726,5.4418178,5.397017,5.4449644,5.4458313,5.4534464,5.4337616,5.4666247,5.4674444,5.4577127,5.453674,5.46258,5.472887,5.466918,5.4636025,5.4992557,5.469037,5.4966207,5.449505,5.498271,5.494076,5.4974446,5.475165,5.5126476,5.4960184,5.516364,5.511618,5.525575,5.5036964,5.522114,5.513498,5.50266,5.530931,5.503957,5.525303,5.542322,5.5189376,5.564557,5.5478745,5.522276,5.526137,5.531058,5.514968,5.53677,5.536387,5.544413,5.5464907,5.563862,5.5387487,5.5344443,5.551111,5.521645,5.541921,5.5389166,5.5330453,5.5601783,,,,,,,,,,,,,,,,,,,,,
e,0.4793593000000555,0.0,-4.0,5.203983,5.2272124,5.186642,5.208454,5.190964,5.178503,5.199418,5.20496,5.196961,5.212499,5.1612716,5.191339,5.1876717,5.202029,5.1889677,5.216807,5.174563,5.2159157,5.2025685,5.19382,5.2425756,5.2429457,5.217121,5.2612333,5.235658,5.2577024,5.27221,5.2498817,5.2529,5.226648,5.2624493,5.2476673,5.286335,5.2876987,5.284747,5.278518,5.3043995,5.2926817,5.267644,5.2936735,5.2906384,5.31959,5.3211374,5.3129134,5.3068957,5.292904,5.3470106,5.3134284,5.307814,5.3234925,5.3089566,5.3224063,5.3260202,5.3187375,5.304839,5.3451066,5.318249,5.3262014,5.320361,5.321867,5.3660955,5.3170586,5.316874,5.2977147,5.320563,5.303892,5.2773,5.280813,5.3003883,5.2687063,5.2715864,5.27253,5.2483697,5.2362633,5.2401366,5.218006,5.1974664,5.1938295,5.2140074,5.187138,5.212122,5.183714,5.1648183,5.18522,5.1747746,5.1974864,5.170375,5.1784477,5.207433,5.173341,5.214276,5.183198,5.215949,5.183862,5.216013,5.186043,5.1903834,5.2173643,5.2003646,5.243163,5.2203,5.2623153,5.25059,5.2383356,5.266571,5.25886,5.293949,5.2834907,5.2800503,5.2943735,5.2873044,5.3086486,5.2962017,5.3023663,5.323962,5.3102484,5.3163524,5.3280826,5.3537164,5.3312426,5.3911242,5.3695416,5.3587437,5.3999667,5.4303174,5.436295,5.444909,5.4047365,5.438796,5.412454,5.436705,5.462248,5.431238,5.4581656,5.4725356,5.463144,5.4386845,5.439288,5.4030814,5.3936105,5.3810215,5.3362565,5.3202777,5.269776,5.256955,5.257621,5.2300167,5.17461,5.1490035,5.10573,5.1082873,5.041829,5.007772,5.024448,4.9715843,4.962008,4.9425,4.897128,4.894176,4.8864164,4.8675876,4.8836718,4.8711705,4.864002,4.806988,4.8052306,4.8108954,4.7943616,4.776976,4.805015,4.755475,4.764069,4.771951,4.774344,4.7800007,4.7933717,4.7514186,4.7736096,4.776249,4.7736588,4.8063145,4.804975,4.785726,4.777753,4.807228,4.803517,4.8330655,4.8393126,4.8523946,4.8423567,4.8657694,4.887564,4.869254,4.91103,4.9096756,4.9237494,4.9357467,4.9608154,4.953946,4.977988,4.9714704,4.99198,5.0282702,4.9990973,5.053535,5.1031237,5.056867,5.0940146,5.0777454,5.1166606,5.1256304,5.170706,5.140773,5.1443925,5.162783,5.203602,5.193273,5.205436,5.2202454,5.2463408,5.220875,5.21964,5.225037,5.2398095,5.265145,5.274306,5.275119,5.302841,5.268048,5.300852,5.2967677,5.2926483,5.3227606,5.292717,5.3421035,5.319206,5.343947,5.3230596,5.3767676,5.3848286,5.3642592,5.3535624,5.385131,5.377635,5.42049,5.3996325,5.3897533,5.394134,5.4087243,5.439359,5.4522753,5.4540935,5.4557815,5.45566,5.4721866,5.4714894,5.483411,5.4898324,5.4917264,5.4953766,5.4827485,5.4990554,5.5232244,5.501884,5.536178,5.539839,5.5345078,5.550243,5.537309,5.52601,5.549628,5.561537,5.5249667,5.5824294,5.555676,5.559932,5.5585976,5.567649,5.5716233,5.570383,5.5498385,5.553809,5.592306,5.5967093,5.570618,5.575039,5.565448,5.567395,5.600993,5.5691967,5.585256,5.611478,5.6000056,5.579687,5.5979295,5.628263,5.6346908,5.629546,5.6304736,5.633393,5.6162357,5.634796,5.6252136,5.655006,5.6361127,5.6268544,5.6234426,5.626289,,,,,,,,,,,,,,,,,,,,,,,,,,
e,0.5263833999999861,4.0,-4.0,4.682927,4.7217927,4.7459455,4.7100677,4.7237434,4.7276063,4.6943116,4.705015,4.702804,4.718702,4.7380037,4.7420306,4.7610874,4.7357497,4.772417,4.7607512,4.783435,4.753317,4.7909956,4.787476,4.791266,4.7847233,4.7817545,4.8145328,4.8141356,4.797094,4.864644,4.765547,4.8324018,4.8402815,4.8162713,4.816526,4.804549,4.8258696,4.8607345,4.867379,4.8794327,4.8526506,4.910424,4.886582,4.872007,4.893362,4.9078183,4.906941,4.868206,4.8834376,4.8922725,4.9324503,4.9143586,4.924462,4.9419084,4.9184694,4.9473886,4.9233456,4.9586363,4.9335666,4.942483,4.9464083,4.935159,4.92851,4.937851,4.948624,4.949178,4.9211435,4.9251223,4.9042597,4.884099,4.907298,4.8690653,4.869449,4.836911,4.818202,4.833764,4.8282046,4.8288236,4.829719,4.8328123,4.81362,4.8132772,4.8038893,4.761828,4.788716,4.7765493,4.772322,4.783471,4.766963,4.790633,4.794401,4.8068867,4.787787,4.801243,4.8237596,4.81322,4.827593,4.8257685,4.844613,4.8150287,4.8278136,4.837553,4.8515472,4.8752437,4.8680067,4.8589187,4.864199,4.836041,4.8675237,4.92558,4.8756366,4.8966346,4.903308,4.908347,4.9020123,4.9047847,4.896083,4.9332266,4.921464,4.9583287,4.9437037,4.9701686,4.9496984,4.950048,4.9415064,4.9812574,4.9945483,5.038193,5.0005746,5.032059,5.004649,5.023874,4.971042,5.0386367,5.0395665,5.0440083,5.0622745,5.0449696,5.038953,5.012879,5.0359683,5.025972,4.9803004,4.9777412,4.951753,4.8970284,4.9350696,4.8997226,4.8739552,4.832741,4.803313,4.794614,4.7585344,4.7689943,4.717631,4.7027154,4.696089,4.6685386,4.648285,4.6238494,4.6145916,4.6274667,4.5876303,4.585646,4.583469,4.567137,4.5655084,4.5568495,4.541911,4.55416,4.5734377,4.531068,4.538137,4.53531,4.5654373,4.5454125,4.5481825,4.542497,4.5351715,4.5602455,4.5786004,4.578496,4.572531,4.6108046,4.6303325,4.6237693,4.6194754,4.6001587,4.643046,4.664333,4.6565604,4.6568074,4.72113,4.6792526,4.709336,4.7619095,4.750992,4.7612057,4.815567,4.7527933,4.7821116,4.8227797,4.7932224,4.8249574,4.853247,4.836628,4.877606,4.872782,4.88367,4.916693,4.927925,4.896909,4.9382396,4.9570394,4.939033,4.9439564,4.960034,4.9860134,4.9704933,4.993018,5.0082903,5.0111074,5.0258784,5.0268183,5.069688,5.058615,5.0762796,5.0915103,5.0811224,5.0719914,5.0717797,5.061426,5.101152,5.095986,5.0930667,5.1289597,5.1422977,5.111002,5.1466875,5.1295524,5.163229,5.1518607,5.152127,5.152661,5.2004814,5.197065,5.195425,5.172341,5.193799,5.1849794,5.215274,5.204254,5.180069,5.201839,5.213314,5.2348285,5.235271,5.228637,5.225646,5.2394853,5.2318006,5.214033,5.257493,5.219765,5.228352,5.2290096,5.2625384,5.243152,5.262185,5.281361,5.261248,5.268628,5.29239,5.277767,5.283547,5.275312,5.279624,5.268875,5.28491,5.2894297,5.2929096,5.2916884,5.289213,5.281861,5.314274,5.2762527,5.2935266,5.3317766,5.323443,5.2789207,5.301548,5.317422,5.3062234,5.321221,5.3308864,5.2981005,5.3583555,5.333292,5.348215,5.323729,5.3389754,5.333473,5.330947,5.3504195,5.332841,5.315873,5.3307767,5.370666,5.3476977,5.308086,5.325539,5.2845483,5.3305445,5.293675,5.3079085,,,,,,,,,,,,,,,,,,,,,,
e,0.6340043000000151,16.0,-4.0,3.801028,3.7824228,3.8190062,3.8123376,3.795216,3.826292,3.8320446,3.7834961,3.7798803,3.8366067,3.7756784,3.792783,3.7835922,3.8204677,3.8469427,3.8035812,3.826723,3.8110015,3.8447826,3.8435826,3.8333182,3.8297753,3.8414068,3.8428917,3.85997,3.8919082,3.8524377,3.8443093,3.899352,3.8481572,3.868866,3.8958669,3.897962,3.8635828,3.863641,3.8866272,3.8781328,3.8759432,3.9022148,3.9438388,3.8739426,3.9500425,3.9109225,3.9693584,3.9183953,3.9238195,3.899327,3.9551263,3.9512997,3.9469008,3.919752,3.9292505,3.945439,3.9146383,3.942741,3.9139264,3.918446,3.9167967,3.9175735,3.9149237,3.8756742,3.8903313,3.8900647,3.8554137,3.8352482,3.8700376,3.8010144,3.8192294,3.8380418,3.8435607,3.8100026,3.8063915,3.7645195,3.7763703,3.769254,3.7750673,3.7261477,3.7582793,3.7514467,3.721492,3.7302837,3.7252705,3.7536607,3.7426975,3.7532752,3.7378616,3.713798,3.7106435,3.7140183,3.7404203,3.6979978,3.694756,3.7445436,3.724649,3.7344022,3.7118533,3.7247908,3.7262015,3.7279644,3.7400415,3.7541602,3.7629464,3.7707896,3.7547112,3.7625225,3.763526,3.748184,3.757341,3.7621841,3.772924,3.778608,3.8006635,3.8227932,3.7859037,3.7793596,3.8072495,3.801503,3.8116746,3.8563173,3.839259,3.8528972,3.878078,3.830359,3.8585532,3.92952,3.8956413,3.902087,3.9012802,3.9280941,3.9077513,3.9143252,3.908623,3.9086685,3.923915,3.897708,3.9273047,3.8887496,3.9223354,3.9196062,3.9076905,3.9392264,3.915074,3.9582298,3.9255722,3.8797884,3.9530826,3.9227493,3.9011657,3.9000523,3.8700013,3.8987224,3.8687563,3.875469,3.8550296,3.8519619,3.8788393,3.8740437,3.8274415,3.8472862,3.8257701,3.8430684,3.8868032,3.8162892,3.853104,3.8396673,3.842692,3.8099875,3.8719947,3.8596559,3.8535864,3.8662517,3.8735027,3.878388,3.8650165,3.8806653,3.9210465,3.9091551,3.909995,3.9261718,3.9359026,3.9363453,3.9124608,3.91473,3.9738066,3.9852884,3.943537,3.970522,4.0073013,3.9950204,3.9944487,3.9704545,3.9934626,4.032139,4.035569,4.0577617,4.0418887,4.093558,4.0687327,4.072102,4.102229,4.082381,4.128386,4.112033,4.124989,4.1562953,4.1619935,4.1143794,4.1185493,4.164155,4.168106,4.175929,4.166863,4.1817594,4.152582,4.1753855,4.195116,4.2165976,4.203885,4.1948404,4.1968694,4.226302,4.2182026,4.220389,4.2314253,4.2224894,4.252109,4.2690744,4.2589946,4.264316,4.2682166,4.2703586,4.272193,4.263754,4.261555,4.27459,4.2860913,4.298982,4.289428,4.304271,4.3053474,4.31327,4.287049,4.3494263,4.294576,4.3227615,4.333769,4.3222384,4.326064,4.322961,4.336122,4.3217287,4.3396335,4.353116,4.3627124,4.360391,4.4112215,4.3730927,4.3864465,4.3895307,4.388996,4.382841,4.3859963,4.392174,4.385318,4.417242,4.4221663,4.4143515,4.4112406,4.4170165,4.413894,4.4178576,4.3939795,4.415112,4.431829,4.4321513,4.427081,4.4728217,4.4824605,4.4974127,4.4810467,4.470048,4.474886,4.4565835,4.4879165,4.472254,4.508423,4.5235944,4.503315,4.5102787,4.529467,4.5382113,4.5246873,4.4819674,4.5239773,4.5101643,4.529392,4.5021877,4.538576,4.510753,4.51618,4.5373597,4.5262947,4.5329056,4.521204,4.534674,4.5334496,4.5139775,4.5529666,4.533332,4.5275893,4.528389,4.4929795,4.5508347,4.523923,4.4925766,4.53709,4.492939,4.527558,4.4848046,4.5339427,4.5334673,4.4864097,4.5480146,4.5444794,4.538893,4.5319057,4.492499,4.5336027,4.538354,,,,,
e,0.6579699999999775,-4.0,-16.0,4.134635,4.130065,4.155691,4.141441,4.1382256,4.116537,4.133753,4.139466,4.1417003,4.1572022,4.185161,4.1923795,4.1724634,4.1953654,4.2312756,4.1808157,4.189924,4.199384,4.217754,4.2409577,4.2320876,4.226541,4.231491,4.2225614,4.2092366,4.252297,4.2366586,4.2229967,4.2569647,4.227581,4.223709,4.251753,4.2247033,4.24264,4.2474427,4.2652016,4.221789,4.240337,4.233806,4.237593,4.231892,4.2300344,4.236116,4.238688,4.2383003,4.259711,4.2259417,4.224337,4.238359,4.2298265,4.240543,4.2392044,4.257741,4.2307954,4.251151,4.2389607,4.2028193,4.237679,4.272269,4.2623506,4.2388945,4.255623,4.183811,4.25,4.1953554,4.216849,4.1956425,4.195563,4.1993427,4.173589,4.1939354,4.167846,4.187909,4.1872163,4.1901574,4.194615,4.1572614,4.191813,4.174951,4.1920776,4.171709,4.2083044,4.1622295,4.1975527,4.183559,4.209555,4.212542,4.2471933,4.213484,4.2199473,4.2268753,4.2408714,4.240109,4.246242,4.266466,4.2950077,4.281257,4.2886434,4.2910047,4.298087,4.2839475,4.278631,4.313759,4.3063607,4.344971,4.3567896,4.3616257,4.342764,4.357549,4.4087696,4.369,4.375187,4.428475,4.4445996,4.4445033,4.438797,4.484748,4.4732995,4.4947424,4.5139246,4.483939,4.5270824,4.540588,4.5179276,4.5278063,4.5438704,4.54486,4.521965,4.5284667,4.563559,4.5601053,4.597197,4.5537343,4.5444345,4.5978584,4.6158304,4.5976796,4.605501,4.5968237,4.6015644,4.5870414,4.5935717,4.5498767,4.5518894,4.5302486,4.5272913,4.4858503,4.428161,4.433754,4.3950925,4.3373566,4.3232555,4.3038764,4.277949,4.2711153,4.2652583,4.2240076,4.2081065,4.203606,4.2001963,4.1757975,4.170524,4.1726847,4.151817,4.1230254,4.087432,4.130484,4.09181,4.114349,4.084825,4.10687,4.0836053,4.0880723,4.0944138,4.1065297,4.101803,4.0804834,4.0895762,4.1024475,4.0961795,4.1129637,4.1065693,4.1217923,4.1107593,4.1113343,4.1128187,4.16055,4.181402,4.197351,4.176259,4.1911674,4.204462,4.2299495,4.2173586,4.2017984,4.265007,4.2770586,4.266753,4.3129497,4.302564,4.3366957,4.3342133,4.366063,4.385291,4.393112,4.37592,4.405469,4.486217,4.4680505,4.462057,4.47497,4.486658,4.4941864,4.5162473,4.53604,4.53872,4.510113,4.5502467,4.556845,4.5642953,4.572632,4.5749393,4.6208906,4.645051,4.633104,4.5795054,4.635421,4.6241403,4.63336,4.6380982,4.6706586,4.649408,4.6926,4.697319,4.7067337,4.7204022,4.708884,4.696686,4.7468896,4.746018,4.725455,4.7151356,4.757265,4.7635946,4.7743077,4.737455,4.7779007,4.7740936,4.768269,4.7717605,4.7770114,4.77929,4.817319,4.7893276,4.778023,4.7928486,4.7894692,4.7731333,4.7987905,4.808801,4.8295937,4.8446913,4.8131833,4.8211203,4.8080006,4.8275084,4.840603,4.866869,4.869947,4.880514,4.8382025,4.8566613,4.85079,4.882525,4.8636093,4.9033136,4.888875,4.891312,4.8880453,4.8903427,4.900162,4.918925,4.8915668,4.9304175,4.9087987,4.9035506,4.9104824,4.92575,4.906378,4.9604053,4.9094057,4.9169474,4.9460106,4.9434867,4.9372993,4.929558,4.9548597,4.935041,4.94782,4.9638696,4.964373,4.974181,4.938688,4.954014,4.982638,4.96747,4.963758,4.972506,4.967603,4.9665823,4.991728,4.966937,5.001303,5.0515385,4.96925,5.0341473,4.9747825,5.019187,4.9751983,4.99497,5.006861,5.073328,5.030725,5.029928,5.042223,5.0321407,5.0464025,5.025416,5.042184,5.071477,5.055796,5.0546393,5.0550346,5.058401
e,0.2810277999999471,-16.0,-4.0,5.2666574,5.286012,5.277634,5.269459,5.2907257,5.2878623,5.270599,5.2574368,5.304108,5.2774115,5.2987757,5.3262973,5.264221,5.304786,5.2921467,5.297713,5.297946,5.3150325,5.2790546,5.3006277,5.307897,5.2993426,5.2921314,5.315795,5.313203,5.298408,5.316345,5.2934737,5.275688,5.287142,5.337108,5.295627,5.2995615,5.326112,5.2884436,5.3049207,5.304404,5.299647,5.3049035,5.296257,5.3081627,5.299839,5.3060684,5.3142843,5.294788,5.2758474,5.292001,5.2682004,5.3030686,5.3037176,5.3012695,5.2797527,5.2765517,5.2971597,5.281881,5.288595,5.290648,5.3303423,5.265316,5.2702155,5.2434697,5.2409854,5.253122,5.238369,5.1982465,5.2052965,5.2186227,5.189423,5.1897254,5.149243,5.1178308,5.1260653,5.1061497,5.1042356,5.071181,5.0756106,5.0576186,5.0493197,5.0385647,5.0298104,5.0343523,5.028898,4.9804707,5.001753,4.9779353,5.0012755,4.9731126,4.9872637,4.996486,5.0014887,4.982722,4.986418,5.00645,5.0120554,4.9873075,5.0009294,5.0012527,5.0269585,5.0165462,5.008396,5.033498,5.0423613,5.0348406,5.030002,5.04574,5.0495706,5.0628057,5.0730114,5.0873733,5.0958405,5.1022644,5.07356,5.097135,5.0995774,5.117292,5.119705,5.1355877,5.129278,5.14749,5.1986094,5.1784115,5.197849,5.16386,5.1833014,5.2005196,5.1880755,5.2053237,5.2289634,5.2359056,5.2445908,5.251031,5.2289524,5.2383018,5.254001,5.275589,5.276252,5.2690015,5.257244,5.2909484,5.280267,5.2727733,5.252414,5.2627974,5.2160306,5.234397,5.2232327,5.207396,5.2016225,5.1564035,5.1356244,5.111481,5.11345,5.1030736,5.059911,5.0714483,5.054719,5.0482583,5.0478067,5.028101,4.992468,4.9710445,4.9576426,4.9473743,4.9192815,4.9598565,4.9440064,4.941698,4.956851,4.93501,4.9630437,4.9687805,4.9727416,4.9661183,4.944989,4.9667897,4.9744787,4.984017,5.0161476,5.002521,4.991821,5.014718,5.0264745,5.0315843,5.04301,5.038523,5.0119505,5.092763,5.0773463,5.0486913,5.099929,5.099949,5.1100655,5.1216145,5.1442986,5.164807,5.1659513,5.1772184,5.1787996,5.186122,5.209323,5.220037,5.211115,5.232337,5.2470536,5.2703156,5.2478013,5.255238,5.2681108,5.2532997,5.2902093,5.3059797,5.343412,5.303964,5.334617,5.3171377,5.3551936,5.346203,5.3459134,5.354944,5.3975325,5.3894153,5.3914795,5.354503,5.3958898,5.426374,5.4431376,5.423462,5.446635,5.425408,5.4354796,5.449379,5.4225974,5.4412394,5.4721913,5.4707646,5.480007,5.4800673,5.469814,5.498807,5.4952517,5.504395,5.4889174,5.492294,5.499072,5.4985304,5.4951153,5.5361223,5.5335574,5.5311103,5.539761,5.501259,5.5303926,5.5445333,5.5606036,5.553919,5.5522733,5.542909,5.5382056,5.5515275,5.582115,5.563648,5.572264,5.574584,5.576042,5.528944,5.5615487,5.5565577,5.563628,5.6053348,5.6005673,5.559137,5.603482,5.5950327,5.58576,5.612701,5.606765,5.585237,5.625868,5.6459274,5.605415,5.6338077,5.649805,5.647104,5.632329,,,,,,,,,,,,,,,,,,,,,,,,,,,,,,,,,,,,,,,,,,,,,,,,,,
e,0.2444397000001572,4.0,8.0,3.7250056,3.7018623,3.6995623,3.6940055,3.6644905,3.6962478,3.6460116,3.698646,3.6432738,3.6411102,3.683117,3.6957202,3.656455,3.62962,3.6414733,3.6148944,3.648703,3.6267133,3.6353774,3.6348464,3.6257956,3.5993533,3.6075218,3.632134,3.6031885,3.6324334,3.604466,3.61622,3.6194043,3.6031828,3.583377,3.5905828,3.6078968,3.6106796,3.6209285,3.6339853,3.5981476,3.5776174,3.6296659,3.6069922,3.604179,3.6086917,3.571935,3.6209424,3.6191814,3.630079,3.6194258,3.5999403,3.604489,3.6209145,3.6075947,3.5917826,3.6493702,3.5976956,3.627788,3.6388752,3.6189754,3.6030886,3.586287,3.626122,3.598078,3.591937,3.6014893,3.5906682,3.610355,3.586496,3.5895765,3.6349003,3.6166039,3.590445,3.6262605,3.5864315,3.5873988,3.6341872,3.538161,3.5692046,3.5848215,3.581399,3.5729098,3.5988882,3.5629802,3.5774894,3.5477202,3.6181562,3.6477594,3.5860915,3.6078844,3.6091945,3.6747053,3.6429145,3.6652582,3.709319,3.676821,3.6736305,3.677015,3.7096786,3.7120702,3.6998692,3.7213664,3.7245727,3.744775,3.7025428,3.7497675,3.7394555,3.7928324,3.780146,3.776759,3.7743733,3.8509562,3.829075,3.7898211,3.8220649,3.8054247,3.818708,3.8176472,3.8380404,3.839896,3.8730054,3.9361746,3.9049706,3.9350367,3.9344466,3.969113,3.9437542,3.932074,3.925538,3.9432807,4.008005,4.001773,4.0095406,4.037628,4.0035915,4.017128,4.0482135,4.035257,4.022715,4.043278,4.050596,4.063503,4.0460906,4.0419006,4.0468054,4.003326,3.987299,3.9938204,3.9542253,3.987924,3.9335358,3.911239,3.8582737,3.8559587,3.861719,3.8337803,3.7942154,3.7962134,3.7780056,3.7461848,3.7477446,3.721013,3.739351,3.6809363,3.693229,3.6649778,3.651088,3.6287282,3.6497574,3.6495748,3.6889997,3.6270795,3.6682222,3.6386068,3.6333592,3.6373308,3.665509,3.631063,3.628808,3.6304185,3.645104,3.664484,3.7045252,3.6904309,3.7117922,3.7233899,3.7177649,3.7010982,3.783146,3.7921152,3.7842,3.8566923,3.8503833,3.862048,3.8399284,3.8479223,3.9015386,3.870041,3.905732,3.9633486,3.9457893,3.986349,3.9864686,4.0110993,4.0311294,4.0204673,4.0475345,4.061771,4.0919023,4.1034474,4.101298,4.1084285,4.1334267,4.1288977,4.1403437,4.1903625,4.1779227,4.1693306,4.212666,4.1978254,4.213333,4.2355423,4.240287,4.2217517,4.253911,4.2437854,4.253219,4.282472,4.275744,4.2691483,4.281714,4.294285,4.284712,4.325325,4.370604,4.3421035,4.311312,4.3302736,4.3477488,4.412408,4.417193,4.3942275,4.425726,4.393562,4.4480157,4.4182124,4.4060407,4.405132,4.4510746,4.4188056,4.4547143,4.439948,4.4453106,4.4526863,4.4496484,4.4702477,4.507356,4.468398,4.497,4.4854736,4.486175,4.4981914,4.5219784,4.4867773,4.501153,4.522906,4.4829817,4.513502,4.523284,4.49631,4.5163517,4.531341,4.510664,4.518078,4.51935,4.488804,4.535123,4.503929,4.5347633,4.570543,4.5275784,4.5243344,4.5383964,4.5351324,4.5133224,4.518278,,,,,,,,,,,,,,,,,,,,,,,,,,,,,,,,,,,,,,,,,,,,,,,,,,,
e,0.6002938999999969,16.0,-8.0,4.8130827,4.807733,4.8179364,4.805963,4.8477373,4.8151774,4.813134,4.8079247,4.7905507,4.809545,4.815308,4.7998495,4.785375,4.8192167,4.8291583,4.817398,4.8267016,4.8420167,4.814259,4.8532653,4.840914,4.834306,4.862028,4.831074,4.8204308,4.8549337,4.7975016,4.7992253,4.783963,4.8097553,4.8025618,4.7958326,4.767554,4.759465,4.7718086,4.770843,4.7361283,4.6984415,4.7306356,4.6788297,4.6685543,4.6399803,4.6320353,4.6573596,4.6037974,4.615215,4.6174903,4.5629687,4.6030345,4.5911655,4.561413,4.5444193,4.578263,4.5670457,4.5485096,4.551987,4.535963,4.5236216,4.5298395,4.53157,4.530856,4.4822073,4.44874,4.503781,4.467804,4.450141,4.423442,4.4636316,4.4673276,4.454084,4.4542274,4.4347463,4.429469,4.4483166,4.403872,4.3888025,4.4155264,4.416928,4.40479,4.407226,4.4112353,4.394189,4.394821,4.4097533,4.398916,4.424019,4.4297724,4.3810053,4.414515,4.4093776,4.376564,4.410249,4.396678,4.4202914,4.4506693,4.4422493,4.427398,4.435551,4.465455,4.4653583,4.461598,4.4746175,4.4441047,4.4600115,4.4661694,4.469778,4.470498,4.4774303,4.475589,4.546501,4.478691,4.5227237,4.512775,4.5628395,4.5049877,4.4944677,4.462893,4.5023704,4.5057025,4.476371,4.51836,4.5034695,4.489403,4.4619436,4.471159,4.4760303,4.4266524,4.470634,4.447925,4.443431,4.445372,4.44007,4.4159184,4.443648,4.4161315,4.4119077,4.4108024,4.4130993,4.3965044,4.388031,4.3977256,4.4114866,4.3931923,4.3636236,4.3854995,4.3676314,4.374481,4.3514743,4.359127,4.341402,4.346926,4.3234825,4.317809,4.30996,4.289583,4.259476,4.281345,4.280556,4.2837644,4.2155194,4.2711606,4.250691,4.259208,4.2213907,4.287711,4.247777,4.2452497,4.27819,4.24003,4.2795844,4.266411,4.267883,4.2851844,4.298413,4.3068323,4.318749,4.2916093,4.32079,4.334522,4.32646,4.347587,4.3270273,4.3567333,4.360032,4.368236,4.407421,4.3704176,4.422129,4.4053564,4.4059258,4.4290667,4.431781,4.415277,4.470764,4.4838233,4.5055375,4.538113,4.4627194,4.5163026,4.522249,4.5321326,4.593016,4.595239,4.5975327,4.619061,4.5896244,4.618973,4.62605,4.658788,4.647319,4.6836767,4.6545115,4.683409,4.6964035,4.705713,4.705398,4.69259,4.708058,4.740799,4.743376,4.708603,4.7493258,4.7578955,4.7590303,4.7463074,4.7873607,4.78578,4.8329067,4.835766,4.8044605,4.7957625,4.852287,4.871365,4.8756742,4.842201,4.865285,4.8399844,4.856522,4.8610096,4.854922,4.8714814,4.8847604,4.8779025,4.90181,4.9254103,4.8904796,4.8829536,4.9029093,4.9065304,4.8968215,4.9072423,4.922659,4.9057713,4.975218,4.9336486,4.9278836,4.970327,4.9180727,4.972181,4.9679923,4.9476438,4.93564,4.925434,4.9686813,4.9809384,5.001278,4.991379,4.997759,4.9833164,5.0155134,5.026574,5.0011787,4.9943438,5.010417,5.0075693,4.9964857,5.014117,5.0198655,5.006619,5.0370817,5.037727,5.054588,5.0327806,4.996197,4.9882045,5.019995,5.032821,5.0436034,5.01721,5.0405993,5.0179133,5.051266,5.035533,5.032184,5.0180945,5.024137,5.020446,5.0261984,5.0717225,5.0527864,5.0285296,5.003399,5.019761,5.0377345,5.0442758,5.019714,5.037172,5.0247703,5.026144,5.020557,5.014445,5.045972,5.017373,5.0540476,5.0523553,5.020589,5.0513487,5.020912,5.015591,5.046783,5.0425544,5.0278926,5.029656,5.0355086,5.0787334,,,,,,,,,
e,0.272201799999948,16.0,0.0,4.035565,4.0651627,4.06983,4.068262,4.0477614,4.0556026,4.0365667,4.0455647,4.0421033,4.034757,4.026434,4.016839,4.0287805,3.979268,3.9906533,4.0206366,3.986612,3.978813,3.9653559,3.9073226,3.9466095,3.920748,3.962437,3.9142342,3.9137406,3.871622,3.8933568,3.8812077,3.8778296,3.9177382,3.8690941,3.8564584,3.8808959,3.8479106,3.8533273,3.8435917,3.842896,3.882312,3.826642,3.8381512,3.8320062,3.7999086,3.827,3.7997456,3.809965,3.793158,3.803627,3.804009,3.7947826,3.7782784,3.7613392,3.7736979,3.7560542,3.7649775,3.7125223,3.719833,3.700161,3.7184143,3.70964,3.6931055,3.661169,3.6860507,3.6921937,3.6849732,3.654931,3.6956067,3.662864,3.6435323,3.6329243,3.6663573,3.6391473,3.6747959,3.6694603,3.6653197,3.6635134,3.6574688,3.683864,3.6772182,3.6824536,3.6990411,3.663574,3.6634395,3.674884,3.6947508,3.6773455,3.679211,3.6630569,3.678272,3.6914942,3.6950731,3.6985495,3.721635,3.7526066,3.7794058,3.7811792,3.7799418,3.7469134,3.7685602,3.7595363,3.7531922,3.7773283,3.7957008,3.8096693,3.7969525,3.7644582,3.7858493,3.7683017,3.7949998,3.793465,3.7687986,3.802563,3.81544,3.796972,3.794794,3.8087847,3.8335285,3.815416,3.8377666,3.8345594,3.8647294,3.8671994,3.8482347,3.857917,3.8403554,3.918255,3.8888652,3.8977194,3.8967714,3.8285236,3.8865159,3.9160676,3.8857698,3.9107587,3.896856,3.8691378,3.9051545,3.8911011,3.9207504,3.9008288,3.9228556,3.88238,3.8871047,3.8839712,3.8784964,3.8541114,3.877187,3.853673,3.8488033,3.8475382,3.8941996,3.8585806,3.8730826,3.8977275,3.889938,3.906329,3.879456,3.8668222,3.9031165,3.9257834,3.9388764,3.921606,3.9224129,3.9424715,3.9358828,3.9450123,3.974027,3.9484308,3.9905071,3.9766946,3.9941416,3.9974525,3.9903357,4.0312476,4.006559,4.034862,4.0706463,4.0551662,4.0750046,4.067554,4.083841,4.108146,4.1043253,4.1403546,4.1594353,4.1437,4.1714525,4.1474395,4.140058,4.2227464,4.1867805,4.240343,4.2316313,4.235892,4.2448707,4.2512755,4.2269816,4.276807,4.2444286,4.2982917,4.260897,4.305012,4.2875366,4.3054814,4.3333025,4.3497276,4.3372183,4.357093,4.372215,4.3897705,4.3900313,4.396156,4.3951073,4.4025674,4.419501,4.382017,4.399141,4.422864,4.446183,4.4455366,4.43641,4.4367,4.4521728,4.4108996,4.4594445,4.443587,4.453351,4.470151,4.447195,4.5150213,4.470601,4.4549522,4.5126996,4.5319133,4.4658375,4.5127287,4.51572,4.5038066,4.479559,4.5585003,4.503873,4.517176,4.5322566,4.5787334,4.550074,4.546046,4.5619693,4.5536404,4.5987916,4.573366,4.579139,4.5746813,4.5444274,4.5535192,4.5734572,4.566541,4.5793395,4.5688124,4.571785,4.5470448,4.5660725,4.5793686,4.584508,4.610377,4.5690017,4.6019793,4.587575,4.615298,4.614844,4.573434,,,,,,,,,,,,,,,,,,,,,,,,,,,,,,,,,,,,,,,,,,,,,,,,,,,,,,,,,,,,,,,,,
e,0.4683030000001054,4.0,0.0,4.4306107,4.455325,4.428104,4.44405,4.4398017,4.4271255,4.433137,4.4948893,4.499858,4.4753633,4.4876504,4.413502,4.467129,4.439276,4.4833927,4.469056,4.4317017,4.4209123,4.4521847,4.428382,4.4692287,4.444006,4.46431,4.4650984,4.477466,4.4872994,4.452697,4.4621553,4.438974,4.4626875,4.448268,4.4558554,4.470182,4.470535,4.470017,4.455404,4.4565206,4.459127,4.4945827,4.4722996,4.4694595,4.4912167,4.467924,4.495346,4.5004873,4.4838324,4.4593873,4.474625,4.494589,4.4915404,4.4669223,4.4756904,4.466891,4.5314736,4.524164,4.4929633,4.4736342,4.4948735,4.501693,4.4242654,4.4923596,4.5153766,4.4785943,4.500912,4.4687066,4.3965936,4.4139614,4.402119,4.4049067,4.3390365,4.369298,4.322482,4.316147,4.2928452,4.275782,4.28408,4.232798,4.2440486,4.238165,4.2190456,4.22251,4.195937,4.184707,4.163782,4.1683373,4.1507716,4.1377907,4.1475506,4.1168013,4.1418667,4.135488,4.122821,4.1628537,4.149412,4.1456337,4.1489143,4.14145,4.1346893,4.1382203,4.1617527,4.1452203,4.1577773,4.162815,4.1768246,4.185042,4.1747284,4.1889434,4.1816382,4.2323465,4.2100863,4.236763,4.217495,4.2489777,4.230741,4.246498,4.253429,4.272665,4.2738996,4.282088,4.3217664,4.322089,4.315598,4.332234,4.329589,4.2996387,4.3597107,4.3792787,4.3303585,4.36297,4.3702416,4.3474436,4.386793,4.399204,4.3609285,4.36308,4.435066,4.4172263,4.405334,4.4182706,4.3882217,4.4332905,4.4192443,4.4535875,4.436,4.4411445,4.4179025,4.4341197,4.4243326,4.383315,4.3578324,4.3554416,4.329837,4.3350134,4.312381,4.303902,4.2706842,4.254961,4.2480297,4.2398934,4.188079,4.1703734,4.1938944,4.1618037,4.134444,4.1437087,4.111859,4.1061125,4.091226,4.09084,4.097111,4.098951,4.0938644,4.111318,4.106159,4.088872,4.1000586,4.053547,4.1007175,4.0798903,4.1192875,4.0773573,4.0911403,4.108229,4.1052637,4.1294403,4.091824,4.1393113,4.1389737,4.1353297,4.152813,4.170748,4.165476,4.191185,4.2223825,4.2016644,4.1878486,4.208619,4.2353983,4.232962,4.237375,4.2471604,4.2821283,4.3077435,4.276637,4.358963,4.3343515,4.3475227,4.31708,4.3448663,4.3496666,4.4034796,4.3648353,4.36225,4.3968787,4.3912277,4.4049683,4.4012117,4.402564,4.4035835,4.4501734,4.422286,4.4763513,4.418229,4.446561,4.4411206,4.480375,4.4871273,4.506364,4.494847,4.515412,4.520491,4.5130353,4.5336695,4.539338,4.5056896,4.5158806,4.53924,4.4688716,4.4888396,4.5031343,4.6127357,4.7337513,4.5614295,4.608421,4.599536,4.5881414,4.6241345,4.5938783,4.654766,4.589464,4.6388354,4.632631,4.6500955,4.634958,4.6546574,4.5967727,4.6796346,4.659251,4.6676526,4.627406,4.6222453,4.6788297,4.680638,4.6641464,4.652892,4.6850963,4.6914554,4.6777015,4.686466,4.717219,4.718614,4.71127,4.6871037,4.7130218,4.716728,4.6979375,4.7174325,4.6876516,4.743388,4.7115793,4.7062407,4.6986213,4.6724586,4.721304,4.718584,4.732587,4.7294593,4.7202783,4.734986,4.7366643,4.7162633,4.703776,,,,,,,,,,,,,,,,,,,,,,,,,,,,,,,,,,,,,,,,,,
e,0.3820780999999442,0.0,-4.0,4.5180764,4.548869,4.5232196,4.555291,4.507025,4.5568132,4.5428004,4.524059,4.523644,4.512518,4.527481,4.5385733,4.514632,4.5565743,4.536733,4.5262504,4.5804257,4.563166,4.541059,4.578355,4.5259786,4.5720077,4.5738463,4.5497985,4.5678697,4.5737295,4.5709076,4.5955086,4.571851,4.614453,4.657765,4.5951877,4.6358185,4.619857,4.632491,4.616053,4.5910263,4.6335187,4.6099563,4.641453,4.6718745,4.653331,4.6447177,4.662062,4.68746,4.655391,4.663248,4.7045403,4.6856694,4.6923804,4.6962166,4.673883,4.7073283,4.7101965,4.6903605,4.6799717,4.6784554,4.6954365,4.674292,4.672321,4.6753564,4.6907926,4.6540194,4.6521206,4.6234293,4.5947146,4.619455,4.5744023,4.5824733,4.5414586,4.548537,4.5277877,4.510978,4.4883976,4.505152,4.4722834,4.4432697,4.4707346,4.4565654,4.4310365,4.4252677,4.4300632,4.42905,4.4356556,4.429127,4.386061,4.381279,4.411356,4.3910985,4.361422,4.3807673,4.430065,4.409483,4.4312525,4.4416404,4.4099736,4.4301934,4.4424577,4.448156,4.437202,4.4496737,4.4601445,4.4387984,4.4828305,4.4774504,4.4482694,4.4531484,4.4790373,4.5201116,4.5226145,4.503052,4.535585,4.521553,4.534067,4.5175033,4.53629,4.542825,4.573078,4.5212245,4.539125,4.5550966,4.537715,4.5807037,4.533271,4.593591,4.6031938,4.6009088,4.582782,4.5930295,4.6171474,4.5874805,4.5964108,4.6238317,4.5998583,4.6066623,4.6250067,4.589165,4.569271,4.5459185,4.551049,4.5263405,4.500118,4.449415,4.4800944,4.421517,4.411828,4.3764,4.3265123,4.309566,4.2632923,4.2771454,4.2485304,4.211192,4.191746,4.18467,4.1987405,4.1370616,4.1437626,4.110706,4.100411,4.1036644,4.086932,4.0396457,4.066988,4.0111756,4.018254,4.0067863,4.0345116,3.9885387,4.006715,3.9981885,3.9905107,4.0065856,3.9843762,4.014374,3.982105,4.014686,3.98325,4.0116034,4.0427117,4.011965,4.001984,4.068822,4.0360065,4.0569377,4.078715,4.070713,4.0813046,4.1296153,4.15183,4.113644,4.1603317,4.1453285,4.1712484,4.1637216,4.2110777,4.2221203,4.215534,4.2169485,4.2330837,4.2262506,4.248959,4.2847285,4.257986,4.3095922,4.311844,4.3237863,4.390648,4.351705,4.3674073,4.3879113,4.405692,4.399425,4.420151,4.410395,4.41977,4.454832,4.432485,4.4396,4.46297,4.48343,4.4728127,4.4827976,4.5179486,4.480343,4.5221977,4.5430593,4.5429535,4.549799,4.5892415,4.5506444,4.588548,4.5621,4.6084323,4.593812,4.601115,4.646529,4.6422005,4.606424,4.6605887,4.634985,4.6522393,4.6183777,4.618656,4.6446533,4.6162233,4.631461,4.654848,4.633059,4.6274915,4.653045,4.643684,4.692553,4.654856,4.6584206,4.677591,4.7042775,4.6602154,4.6945534,4.6676164,4.7137494,4.710802,4.707323,4.7131877,4.6944757,4.714438,4.702481,4.7107997,4.721783,4.7078867,4.7111416,4.768005,4.7414346,4.71919,4.7615266,4.754096,4.7585764,4.7713404,4.7613754,4.760953,4.748328,4.765134,4.745654,4.792496,4.75897,4.7684546,4.8083963,4.745853,4.783186,4.7903676,4.759648,4.7928596,4.7514877,4.795082,4.756123,4.7976832,,,,,,,,,,,,,,,,,,,,,,,,,,,,,,,,,,,,,,
e,0.4012960000000021,8.0,16.0,3.3039982,3.3678174,3.3014538,3.259514,3.2771494,3.3062913,3.2741911,3.284244,3.2746305,3.2643325,3.2401693,3.311902,3.2529135,3.2812262,3.2711687,3.2464066,3.25593,3.2289915,3.2429595,3.2302215,3.2427797,3.2470288,3.2335427,3.2391908,3.2484648,3.2158756,3.2334244,3.2344131,3.215053,3.2056358,3.1970067,3.2381475,3.2253065,3.2217462,3.206464,3.2200656,3.2117634,3.2242453,3.235972,3.2417655,3.2212322,3.2216413,3.213367,3.2107363,3.2025824,3.2364373,3.2344553,3.2264183,3.2252073,3.2098804,3.2416213,3.2486112,3.2308438,3.2310715,3.2272813,3.2075875,3.26145,3.231338,3.1971943,3.2203383,3.2408562,3.2408018,3.2435591,3.2447548,3.2298088,3.224011,3.225375,3.2377243,3.217529,3.235331,3.2304394,3.2322624,3.2191122,3.2502706,3.2133124,3.2293723,3.2225256,3.245346,3.2418604,3.228689,3.2450006,3.2561617,3.2459836,3.2414641,3.25214,3.2413497,3.2304547,3.2290962,3.2568758,3.2501154,3.2330232,3.2289386,3.2475853,3.2483733,3.2516723,3.256546,3.2727046,3.2560902,3.247476,3.2207944,3.2305439,3.1987686,3.2171936,3.223593,3.2297232,3.2151816,3.2307458,3.220881,3.2154367,3.2333057,3.2019317,3.1987088,3.21225,3.1661649,3.1609464,3.1560147,3.156906,3.086097,3.1827788,3.0864577,3.0975106,3.1238549,3.117147,3.1297698,3.1557941,3.1224935,3.115328,3.1185992,3.103942,3.1081927,3.1431274,3.1261394,3.1375568,3.137711,3.111143,3.138228,3.199855,3.1609864,3.1915102,3.178275,3.1906664,3.1909742,3.1956544,3.2345283,3.2324822,3.2314117,3.244864,3.2368555,3.266994,3.266641,3.2598808,3.282865,3.2717497,3.3497646,3.2907672,3.3767154,3.309969,3.3776898,3.393706,3.420515,3.4381936,3.436813,3.4339993,3.4658089,3.4460778,3.4805017,3.4770157,3.490407,3.466893,3.54539,3.5156372,3.5439007,3.528236,3.5412364,3.5634086,3.5666423,3.5499501,3.5511296,3.5570717,3.5591455,3.5645506,3.6007218,3.5727649,3.5933669,3.5769353,3.587929,3.5716574,3.5946672,3.579713,3.6146975,3.6205363,3.6032498,3.6076126,3.5964239,3.6348388,3.6087108,3.6550004,3.6426883,3.6510613,3.6187153,3.6239233,3.6795423,3.6731517,3.7009165,3.6716058,3.6884315,3.716937,3.6907842,3.701307,3.7078583,3.7510474,3.7314634,3.7669747,3.7768114,3.7568977,3.746945,3.7906692,3.7594051,3.786345,3.7727592,3.8172565,3.8097541,3.8121507,3.8015661,3.8113103,3.8036125,3.8267047,3.838783,3.8376195,3.8187144,3.8217797,3.8433208,3.880307,3.8772812,3.8760364,3.8755012,3.8789089,3.85541,3.8966992,3.8711917,3.8804436,3.8764567,3.884326,3.8862405,3.8775496,3.877711,3.8663526,3.8875482,3.9273803,3.8755522,3.9041052,3.9067538,3.9189186,3.8913262,3.8938742,3.8956223,3.9234643,3.9238255,3.9309564,3.9362173,3.9311318,3.906572,,,,,,,,,,,,,,,,,,,,,,,,,,,,,,,,,,,,,,,,,,,,,,,,,,,,,,,,,,,,,,,,,,,,,,,,
e,0.4718557999999575,-4.0,4.0,4.75182,4.7776704,4.747679,4.7568703,4.741573,4.736769,4.747113,4.7349706,4.7477393,4.742945,4.7563467,4.772902,4.7892447,4.7797203,4.769317,4.7746964,4.7840667,4.740347,4.781692,4.752881,4.770591,4.7794495,4.7857623,4.82182,4.7868958,4.8056498,4.810391,4.7908797,4.799844,4.815382,4.8324714,4.8247037,4.7986584,4.8178244,4.817624,4.774764,4.845746,4.8236985,4.834234,4.8259134,4.859305,4.851961,4.843106,4.823272,4.8392005,4.802238,4.8196883,4.8575244,4.8808975,4.8571014,4.8732896,4.8082805,4.83856,4.8259354,4.815349,4.8401833,4.84672,4.785904,4.7810926,4.8053718,4.800385,4.7960634,4.7511435,4.7820153,4.7825594,4.753962,4.772124,4.7499824,4.727302,4.705797,4.7189493,4.7187185,4.709937,4.695809,4.688528,4.677681,4.684425,4.6482363,4.646402,4.6627736,4.618519,4.635985,4.6169953,4.618185,4.6129885,4.596216,4.617459,4.630885,4.567309,4.618224,4.576803,4.578796,4.614623,4.6084766,4.6236567,4.618637,4.594968,4.596408,4.6306696,4.678971,4.6418033,4.644529,4.680996,4.6797533,4.6322017,4.672591,4.6413865,4.671902,4.675234,4.686081,4.6730323,4.7108016,4.7162595,4.7028093,4.6692386,4.678672,4.695865,4.7240973,4.693704,4.70931,4.727093,4.712037,4.705598,4.744683,4.732091,4.737,4.728338,4.718739,4.7594852,4.754321,4.755518,4.733261,4.728096,4.7582574,4.74917,4.7400565,4.7591543,4.749048,4.725541,4.7023735,4.7489295,4.733796,4.70577,4.691493,4.66963,4.675071,4.66826,4.6434264,4.6674914,4.5969195,4.5756226,4.5738378,4.5432,4.5206685,4.5336924,4.4906583,4.486374,4.4514813,4.4516616,4.4550133,4.4115176,4.4299107,4.440667,4.4208765,4.3786244,4.3787966,4.3600593,4.3466663,4.3798704,4.319616,4.3177905,4.328513,4.3281293,4.369397,4.3230767,4.304166,4.357113,4.3248777,4.320159,4.3033814,4.3248696,4.3553205,4.3338175,4.3807964,4.319846,4.3630614,4.3973756,4.382072,4.403988,4.396314,4.4666657,4.4317555,4.432783,4.4309397,4.4600496,4.445885,4.47081,4.496247,4.477387,4.4738584,4.525228,4.5009847,4.4701643,4.515919,4.519387,4.5198655,4.5354424,4.526409,4.550102,4.5302563,4.5493894,4.54293,4.5651693,4.5901337,4.6051784,4.597277,4.620491,4.624828,4.6274133,4.6168857,4.5991974,4.659761,4.6522365,4.6800666,4.6776943,4.648716,4.658453,4.6799054,4.66108,4.656642,4.7015033,4.6635103,4.6880136,4.692538,4.653837,4.673444,4.6959205,4.6808214,4.679109,4.718689,4.7187953,4.71689,4.7032504,4.720264,4.7092695,4.724907,4.742604,4.731963,4.7007027,4.7260623,4.709854,4.728565,4.7479844,4.725883,4.7234697,4.7218475,4.725782,4.7233243,4.7366076,4.736717,4.7331915,4.7346983,4.7148447,4.736181,4.701132,4.7443533,4.7140484,4.7416835,4.7419252,4.740379,4.7434316,4.7183585,4.7582936,4.729364,4.7302012,4.7266526,4.725723,4.7184525,4.6780005,4.7149343,4.71712,4.7133107,4.739297,4.6989784,4.723945,4.7442093,4.7569547,4.741759,4.748801,4.73376,4.7802815,4.7691174,4.7249217,4.798682,4.8051605,4.783863,4.7963405,4.8128843,4.7521286,4.7206454,4.758105,4.802719,4.802152,4.809089,4.7478924,4.801156,4.8134317,4.792924,,,,,,,,,,,,,,,,,,,,,,,,,,
e,0.4752649000001838,16.0,-4.0,4.626704,4.631958,4.635578,4.612852,4.0996704,4.617229,4.597154,4.561599,4.13763,4.1009355,4.609307,4.573378,4.536858,4.1140695,4.104957,4.1085896,4.0703993,4.620439,4.031222,4.0577855,4.031813,4.049051,4.054398,4.0638885,4.5688095,4.619508,4.058491,4.0210414,3.9780834,3.9515412,3.9676316,3.9547014,3.9609413,3.9148538,3.9358838,3.9280806,3.886736,3.933895,3.9185636,3.8995962,3.9452236,3.9522526,3.909931,3.916934,3.9089062,3.9317122,3.9175773,3.912606,3.901183,3.8790512,3.9341807,3.9720528,3.922071,3.9207213,3.9977064,3.8685772,3.9285913,3.8629391,3.8384066,3.8691647,3.8331134,4.390389,3.76601,3.797073,3.800278,3.7968845,3.7973661,3.802653,3.7718532,3.7550013,3.769606,3.7629855,3.7848897,3.7858427,3.787561,3.7595685,3.7996652,3.753461,3.7735891,3.7461517,3.7734904,3.747153,3.7701812,3.7394168,3.7355924,3.7694864,3.7414062,3.7490618,3.7365353,3.755384,3.7679317,3.7984579,3.7519355,3.7167685,3.8320558,3.7579784,3.6979313,3.744397,3.7481623,3.7157567,3.7279263,3.6998744,3.6902697,3.6915543,3.6877496,3.6976554,3.7141802,3.6761453,3.6704834,3.703411,3.6968098,3.6599958,3.7156408,3.7064795,3.6643026,3.6610398,3.674673,3.6375024,3.65108,3.6627502,3.630709,3.6212013,3.6396117,3.6493127,3.6693032,3.636791,3.6518993,3.6199484,3.6234832,3.603256,3.6202288,3.586592,3.6089396,3.6162007,3.5988007,3.5457382,3.5413203,3.5470972,3.5120306,3.4816294,3.4808304,3.515838,3.510203,3.47446,3.467942,3.4625425,3.4881558,3.441687,3.4249504,3.4902155,3.4286263,3.4321656,3.448592,3.4496107,3.4555073,3.4440598,3.4458063,3.465804,3.4378784,3.4714227,3.4140124,3.4446752,3.4512208,3.4686556,3.5176334,3.510629,3.4607081,3.5224397,3.487005,3.4858088,3.5439284,3.5331361,3.5705006,3.596888,3.6124394,3.6026852,3.5929985,3.590548,3.619399,3.6599185,3.6243622,3.6158278,3.6189508,3.692091,3.6626432,3.6625853,3.6666913,3.720981,3.735496,3.7493825,3.7498078,3.758608,3.767281,3.7735374,3.7581265,3.8230479,3.7690637,3.7776024,3.820302,3.8478622,3.8034487,3.8716547,3.853326,3.8485618,3.8502514,3.8681421,3.8653386,3.8803442,3.8982806,3.9091082,3.8849134,3.8803241,3.924741,3.9074922,3.9402244,3.941387,3.9383557,3.9601986,3.9621255,3.9633222,3.9755542,3.9936757,3.9857664,4.012268,3.9574335,3.974503,3.9948282,3.990868,4.0071015,3.9722266,4.0185833,4.019593,4.015905,4.0276294,4.029994,3.9946635,4.028663,4.024721,4.035944,4.053509,4.036023,4.0349054,4.0220966,4.0452394,4.0253,4.0210543,4.219538,4.1396103,4.0215335,3.9824781,3.9814289,4.014231,3.9902456,4.0403194,4.054359,4.065454,4.1099167,4.120232,4.109726,4.125321,4.128344,,,,,,,,,,,,,,,,,,,,,,,,,,,,,,,,,,,,,,,,,,,,,,,,,,,,,,,,,,,,,,,,,,,,,,,,,
